[
  {
    "model": "joc.Grup",
    "pk": 1,
    "fields": {
      "nom": "A"
    }
  },
  {
    "model": "joc.Grup",
    "pk": 2,
    "fields": {
      "nom": "B"
    }
  },
  {
    "model": "joc.Grup",
    "pk": 3,
    "fields": {
      "nom": "C"
    }
  },
  {
    "model": "joc.Grup",
    "pk": 4,
    "fields": {
      "nom": "D"
    }
  },
  {
    "model": "joc.Grup",
    "pk": 5,
    "fields": {
      "nom": "E"
    }
  },
  {
    "model": "joc.Grup",
    "pk": 6,
    "fields": {
      "nom": "F"
    }
  },
  {
    "model": "joc.Grup",
    "pk": 7,
    "fields": {
      "nom": "G"
    }
  },
  {
    "model": "joc.Grup",
    "pk": 8,
    "fields": {
      "nom": "H"
    }
  },
  {
    "model": "joc.Grup",
    "pk": 9,
    "fields": {
      "nom": "I"
    }
  },
  {
    "model": "joc.Grup",
    "pk": 10,
    "fields": {
      "nom": "J"
    }
  },
  {
    "model": "joc.Equip",
    "pk": 1,
    "fields": {
        "nom": "Alemanya",
        "bandera": "ale.png",
        "grup": "1"
    }
  },
  {
    "model": "joc.Equip",
    "pk": 2,
    "fields": {
        "nom": "Escòcia",
        "bandera": "esc.png",
        "grup": "1"
    }
  },
  {
    "model": "joc.Equip",
    "pk": 3,
    "fields": {
        "nom": "Hongria",
        "bandera": "hon.png",
        "grup": "1"
    }
  },
  {
    "model": "joc.Equip",
    "pk": 4,
    "fields": {
        "nom": "Suïssa",
        "bandera": "sui.png",
        "grup": "1"
    }
  },
  {
    "model": "joc.Equip",
    "pk": 5,
    "fields": {
        "nom": "Espanya",
        "bandera": "esp.png",
        "grup": "2"
    }
  },
  {
    "model": "joc.Equip",
    "pk": 6,
    "fields": {
        "nom": "Croàcia",
        "bandera": "cro.png",
        "grup": "2"
    }
  },
  {
    "model": "joc.Equip",
    "pk": 7,
    "fields": {
        "nom": "Itàlia",
        "bandera": "ita.png",
        "grup": "2"
    }
  },
  {
    "model": "joc.Equip",
    "pk": 8,
    "fields": {
        "nom": "Albània",
        "bandera": "alb.png",
        "grup": "2"
    }
  },
  {
    "model": "joc.Equip",
    "pk": 9,
    "fields": {
        "nom": "Eslovènia",
        "bandera": "svn.png",
        "grup": "3"
    }
  },
  {
    "model": "joc.Equip",
    "pk": 10,
    "fields": {
        "nom": "Dinamarca",
        "bandera": "din.png",
        "grup": "3"
    }
  },
  {
    "model": "joc.Equip",
    "pk": 11,
    "fields": {
        "nom": "Sèrbia",
        "bandera": "ser.png",
        "grup": "3"
    }
  },
  {
    "model": "joc.Equip",
    "pk": 12,
    "fields": {
        "nom": "Anglaterra",
        "bandera": "ang.png",
        "grup": "3"
    }
  },
  {
    "model": "joc.Equip",
    "pk": 13,
    "fields": {
        "nom": "Polònia",
        "bandera": "pol.png",
        "grup": "4"
    }
  },
  {
    "model": "joc.Equip",
    "pk": 14,
    "fields": {
        "nom": "Holanda",
        "bandera": "hol.png",
        "grup": "4"
    }
  },
  {
    "model": "joc.Equip",
    "pk": 15,
    "fields": {
        "nom": "Àustria",
        "bandera": "aut.png",
        "grup": "4"
    }
  },
  {
    "model": "joc.Equip",
    "pk": 16,
    "fields": {
        "nom": "França",
        "bandera": "fra.png",
        "grup": "4"
    }
  },
  {
    "model": "joc.Equip",
    "pk": 17,
    "fields": {
        "nom": "Bèlgica",
        "bandera": "bel.png",
        "grup": "5"
    }
  },
  {
    "model": "joc.Equip",
    "pk": 18,
    "fields": {
        "nom": "Eslovàquia",
        "bandera": "svk.png",
        "grup": "5"
    }
  },
  {
    "model": "joc.Equip",
    "pk": 19,
    "fields": {
        "nom": "Romania",
        "bandera": "rom.png",
        "grup": "5"
    }
  },
  {
    "model": "joc.Equip",
    "pk": 20,
    "fields": {
        "nom": "Ucraïna",
        "bandera": "ukr.png",
        "grup": "5"
    }
  },
  {
    "model": "joc.Equip",
    "pk": 21,
    "fields": {
        "nom": "Turquia",
        "bandera": "tur.png",
        "grup": "6"
    }
  },
  {
    "model": "joc.Equip",
    "pk": 22,
    "fields": {
        "nom": "Geòrgia",
        "bandera": "geo.png",
        "grup": "6"
    }
  },
  {
    "model": "joc.Equip",
    "pk": 23,
    "fields": {
        "nom": "Portugal",
        "bandera": "por.png",
        "grup": "6"
    }
  },
  {
    "model": "joc.Equip",
    "pk": 24,
    "fields": {
        "nom": "Txèquia",
        "bandera": "txe.png",
        "grup": "6"
    }
  },
  {
    "model": "joc.Estadi",
    "pk": 1,
    "fields": {
      "nom": "Olympiastadion Berlin",
      "ciutat": "Berlin"
    }
  },
  {
    "model": "joc.Estadi",
    "pk": 2,
    "fields": {
      "nom": "Leipzig Stadium",
      "ciutat": "Leipzig"
    }
  },
  {
    "model": "joc.Estadi",
    "pk": 3,
    "fields": {
      "nom": "Volksparkstadion Hamburg",
      "ciutat": "Hamburg"
    }
  },
  {
    "model": "joc.Estadi",
    "pk": 4,
    "fields": {
      "nom": "BVB Stadion Dortmund",
      "ciutat": "Dortmund"
    }
  },
  {
    "model": "joc.Estadi",
    "pk": 5,
    "fields": {
      "nom": "Arena AufSchalke",
      "ciutat": "Gelsenkirchen"
    }
  },
  {
    "model": "joc.Estadi",
    "pk": 6,
    "fields": {
      "nom": "Düsseldorf Arena",
      "ciutat": "Düsseldorf"
    }
  },
  {
    "model": "joc.Estadi",
    "pk": 7,
    "fields": {
      "nom": "Cologne Stadium",
      "ciutat": "Colònia"
    }
  },
  {
    "model": "joc.Estadi",
    "pk": 8,
    "fields": {
      "nom": "Frankfurt Arena",
      "ciutat": "Frankfurt"
    }
  },
  {
    "model": "joc.Estadi",
    "pk": 9,
    "fields": {
      "nom": "Stuttgart Arena",
      "ciutat": "Stuttgart"
    }
  },
  {
    "model": "joc.Estadi",
    "pk": 10,
    "fields": {
      "nom": "Munich Football Arena",
      "ciutat": "Munic"
    }
  },
  {
    "model": "joc.Partit",
    "pk": 1,
    "fields": {
      "equip1": 1,
      "equip2": 2,
      "diaihora": "2024-06-14T21:00:00+02:00",
      "estadi": 10,
      "grup": 1
    }
  },
  {
    "model": "joc.Partit",
    "pk": 2,
    "fields": {
      "equip1": 3,
      "equip2": 4,
      "diaihora": "2024-06-15T15:00:00+02:00",
      "estadi": 7,
      "grup": 1
    }
  },
  {
    "model": "joc.Partit",
    "pk": 3,
    "fields": {
      "equip1": 5,
      "equip2": 6,
      "diaihora": "2024-06-15T18:00:00+02:00",
      "estadi": 1,
      "grup": 2
    }
  },
  {
    "model": "joc.Partit",
    "pk": 4,
    "fields": {
      "equip1": 7,
      "equip2": 8,
      "diaihora": "2024-06-15T21:00:00+02:00",
      "estadi": 4,
      "grup": 2
    }
  },
  {
    "model": "joc.Partit",
    "pk": 5,
    "fields": {
      "equip1": 11,
      "equip2": 12,
      "diaihora": "2024-06-16T21:00:00+02:00",
      "estadi": 5,
      "grup": 3
    }
  },
  {
    "model": "joc.Partit",
    "pk": 6,
    "fields": {
      "equip1": 9,
      "equip2": 10,
      "diaihora": "2024-06-16T18:00:00+02:00",
      "estadi": 9,
      "grup": 3
    }
  },
  {
    "model": "joc.Partit",
    "pk": 7,
    "fields": {
      "equip1": 13,
      "equip2": 14,
      "diaihora": "2024-06-16T15:00:00+02:00",
      "estadi": 3,
      "grup": 4
    }
  },
  {
    "model": "joc.Partit",
    "pk": 8,
    "fields": {
      "equip1": 15,
      "equip2": 16,
      "diaihora": "2024-06-17T21:00:00+02:00",
      "estadi": 6,
      "grup": 4
    }
  },
  {
    "model": "joc.Partit",
    "pk": 9,
    "fields": {
      "equip1": 17,
      "equip2": 18,
      "diaihora": "2024-06-17T18:00:00+02:00",
      "estadi": 8,
      "grup": 5
    }
  },
  {
    "model": "joc.Partit",
    "pk": 10,
    "fields": {
      "equip1": 19,
      "equip2": 20,
      "diaihora": "2024-06-17T15:00:00+02:00",
      "estadi": 10,
      "grup": 5
    }
  },
  {
    "model": "joc.Partit",
    "pk": 11,
    "fields": {
      "equip1": 21,
      "equip2": 22,
      "diaihora": "2024-06-18T18:00:00+02:00",
      "estadi": 4,
      "grup": 6
    }
  },
  {
    "model": "joc.Partit",
    "pk": 12,
    "fields": {
      "equip1": 23,
      "equip2": 24,
      "diaihora": "2024-06-18T21:00:00+02:00",
      "estadi": 2,
      "grup": 6
    }
  },
  {
    "model": "joc.Partit",
    "pk": 13,
    "fields": {
      "equip1": 2,
      "equip2": 4,
      "diaihora": "2024-06-19T21:00:00+02:00",
      "estadi": 2,
      "grup": 1
    }
  },
  {
    "model": "joc.Partit",
    "pk": 14,
    "fields": {
      "equip1": 1,
      "equip2": 3,
      "diaihora": "2024-06-19T18:00:00+02:00",
      "estadi": 9,
      "grup": 1
    }
  },
  {
    "model": "joc.Partit",
    "pk": 15,
    "fields": {
      "equip1": 6,
      "equip2": 8,
      "diaihora": "2024-06-19T15:00:00+02:00",
      "estadi": 3,
      "grup": 2
    }
  },
  {
    "model": "joc.Partit",
    "pk": 16,
    "fields": {
      "equip1": 5,
      "equip2": 7,
      "diaihora": "2024-06-20T21:00:00+02:00",
      "estadi": 5,
      "grup": 2
    }
  },
  {
    "model": "joc.Partit",
    "pk": 17,
    "fields": {
      "equip1": 10,
      "equip2": 12,
      "diaihora": "2024-06-20T18:00:00+02:00",
      "estadi": 8,
      "grup": 3
    }
  },
  {
    "model": "joc.Partit",
    "pk": 18,
    "fields": {
      "equip1": 9,
      "equip2": 11,
      "diaihora": "2024-06-20T15:00:00+02:00",
      "estadi": 10,
      "grup": 3
    }
  },
  {
    "model": "joc.Partit",
    "pk": 19,
    "fields": {
      "equip1": 13,
      "equip2": 15,
      "diaihora": "2024-06-21T18:00:00+02:00",
      "estadi": 1,
      "grup": 4
    }
  },
  {
    "model": "joc.Partit",
    "pk": 20,
    "fields": {
      "equip1": 14,
      "equip2": 16,
      "diaihora": "2024-06-21T21:00:00+02:00",
      "estadi": 2,
      "grup": 4
    }
  },
  {
    "model": "joc.Partit",
    "pk": 21,
    "fields": {
      "equip1": 18,
      "equip2": 20,
      "diaihora": "2024-06-21T15:00:00+02:00",
      "estadi": 6,
      "grup": 5
    }
  },
  {
    "model": "joc.Partit",
    "pk": 22,
    "fields": {
      "equip1": 17,
      "equip2": 19,
      "diaihora": "2024-06-22T21:00:00+02:00",
      "estadi": 7,
      "grup": 5
    }
  },
  {
    "model": "joc.Partit",
    "pk": 23,
    "fields": {
      "equip1": 21,
      "equip2": 23,
      "diaihora": "2024-06-22T18:00:00+02:00",
      "estadi": 4,
      "grup": 6
    }
  },
  {
    "model": "joc.Partit",
    "pk": 24,
    "fields": {
      "equip1": 22,
      "equip2": 24,
      "diaihora": "2024-06-22T15:00:00+02:00",
      "estadi": 3,
      "grup": 6
    }
  },
  {
    "model": "joc.Partit",
    "pk": 25,
    "fields": {
      "equip1": 4,
      "equip2": 1,
      "diaihora": "2024-06-23T21:00:00+02:00",
      "estadi": 8,
      "grup": 1
    }
  },
  {
    "model": "joc.Partit",
    "pk": 26,
    "fields": {
      "equip1": 2,
      "equip2": 3,
      "diaihora": "2024-06-23T21:00:00+02:00",
      "estadi": 9,
      "grup": 1
    }
  },
  {
    "model": "joc.Partit",
    "pk": 27,
    "fields": {
      "equip1": 8,
      "equip2": 5,
      "diaihora": "2024-06-24T21:00:00+02:00",
      "estadi": 6,
      "grup": 2
    }
  },
  {
    "model": "joc.Partit",
    "pk": 28,
    "fields": {
      "equip1": 6,
      "equip2": 7,
      "diaihora": "2024-06-24T21:00:00+02:00",
      "estadi": 2,
      "grup": 2
    }
  },
  {
    "model": "joc.Partit",
    "pk": 29,
    "fields": {
      "equip1": 12,
      "equip2": 9,
      "diaihora": "2024-06-25T21:00:00+02:00",
      "estadi": 7,
      "grup": 3
    }
  },
  {
    "model": "joc.Partit",
    "pk": 30,
    "fields": {
      "equip1": 10,
      "equip2": 11,
      "diaihora": "2024-06-25T21:00:00+02:00",
      "estadi": 10,
      "grup": 3
    }
  },
  {
    "model": "joc.Partit",
    "pk": 31,
    "fields": {
      "equip1": 14,
      "equip2": 15,
      "diaihora": "2024-06-25T18:00:00+02:00",
      "estadi": 1,
      "grup": 4
    }
  },
  {
    "model": "joc.Partit",
    "pk": 32,
    "fields": {
      "equip1": 16,
      "equip2": 13,
      "diaihora": "2024-06-25T18:00:00+02:00",
      "estadi": 4,
      "grup": 4
    }
  },
  {
    "model": "joc.Partit",
    "pk": 33,
    "fields": {
      "equip1": 18,
      "equip2": 19,
      "diaihora": "2024-06-26T18:00:00+02:00",
      "estadi": 8,
      "grup": 5
    }
  },
  {
    "model": "joc.Partit",
    "pk": 34,
    "fields": {
      "equip1": 20,
      "equip2": 17,
      "diaihora": "2024-06-26T18:00:00+02:00",
      "estadi": 9,
      "grup": 5
    }
  },
  {
    "model": "joc.Partit",
    "pk": 35,
    "fields": {
      "equip1": 22,
      "equip2": 23,
      "diaihora": "2024-06-26T21:00:00+02:00",
      "estadi": 5,
      "grup": 6
    }
  },
  {
    "model": "joc.Partit",
    "pk": 36,
    "fields": {
      "equip1": 24,
      "equip2": 21,
      "diaihora": "2024-06-26T21:00:00+02:00",
      "estadi": 3,
      "grup": 6
    }
  },
  {
    "model": "joc.Partit",
    "pk": 37,
    "fields": {
      "diaihora": "2024-06-29T21:00:00+02:00",
      "estadi": 4,
      "grup": 7
    }
  },
  {
    "model": "joc.Partit",
    "pk": 38,
    "fields": {
      "diaihora": "2024-06-29T18:00:00+02:00",
      "estadi": 1,
      "grup": 7
    }
  },
  {
    "model": "joc.Partit",
    "pk": 39,
    "fields": {
      "diaihora": "2024-06-30T21:00:00+02:00",
      "estadi": 7,
      "grup": 7
    }
  },
  {
    "model": "joc.Partit",
    "pk": 40,
    "fields": {
      "diaihora": "2024-06-30T18:00:00+02:00",
      "estadi": 5,
      "grup": 7
    }
  },
  {
    "model": "joc.Partit",
    "pk": 41,
    "fields": {
      "diaihora": "2024-07-01T21:00:00+02:00",
      "estadi": 8,
      "grup": 7
    }
  },
  {
    "model": "joc.Partit",
    "pk": 42,
    "fields": {
      "diaihora": "2024-07-01T18:00:00+02:00",
      "estadi": 6,
      "grup": 7
    }
  },
  {
    "model": "joc.Partit",
    "pk": 43,
    "fields": {
      "diaihora": "2024-07-02T18:00:00+02:00",
      "estadi": 10,
      "grup": 7
    }
  },
  {
    "model": "joc.Partit",
    "pk": 44,
    "fields": {
      "diaihora": "2024-07-02T21:00:00+02:00",
      "estadi": 2,
      "grup": 7
    }
  },
  {
    "model": "joc.Partit",
    "pk": 45,
    "fields": {
      "diaihora": "2024-07-05T18:00:00+02:00",
      "estadi": 9,
      "grup": 8
    }
  },
  {
    "model": "joc.Partit",
    "pk": 46,
    "fields": {
      "diaihora": "2024-07-05T21:00:00+02:00",
      "estadi": 3,
      "grup": 8
    }
  },
  {
    "model": "joc.Partit",
    "pk": 47,
    "fields": {
      "diaihora": "2024-07-06T21:00:00+02:00",
      "estadi": 1,
      "grup": 8
    }
  },
  {
    "model": "joc.Partit",
    "pk": 48,
    "fields": {
      "diaihora": "2024-07-06T18:00:00+02:00",
      "estadi": 6,
      "grup": 8
    }
  },
  {
    "model": "joc.Partit",
    "pk": 49,
    "fields": {
      "diaihora": "2024-07-09T21:00:00+02:00",
      "estadi": 10,
      "grup": 9
    }
  },
  {
    "model": "joc.Partit",
    "pk": 50,
    "fields": {
      "diaihora": "2024-07-10T21:00:00+02:00",
      "estadi": 4,
      "grup": 9
    }
  },
  {
    "model": "joc.Partit",
    "pk": 51,
    "fields": {
      "diaihora": "2024-07-14T21:00:00+02:00",
      "estadi": 1,
      "grup": 10
    }
  }
]
